Name;Größe;Vorname;Nachname;Downloads;Datum;Pfad
"AdvTechEng, Worksheet 1, U. 1, Techno in use.doc";24576;Roland;Matthée;24;"22.04.2021 17:24";"AdvTechEng, Worksheet 1, U. 1, Techno in use.doc"
"AdvTechEng, Worksheet 2, U. 1, Techno in use.doc";24064;Roland;Matthée;11;"22.04.2021 17:24";"AdvTechEng, Worksheet 2, U. 1, Techno in use.doc"
"AdvTechEng, Worksheet 3, U.2, Engineering Material.doc";41984;Roland;Matthée;10;"22.04.2021 17:24";"AdvTechEng, Worksheet 3, U.2, Engineering Material.doc"
"AdvTechEng, Worksheet 4, U.2, Materials technology.doc";5745664;Roland;Matthée;10;"22.04.2021 17:25";"AdvTechEng, Worksheet 4, U.2, Materials technology.doc"
"AdvTechEng, Worksheet 5, U.3, Components and assemblies.doc";2540032;Roland;Matthée;10;"22.04.2021 17:25";"AdvTechEng, Worksheet 5, U.3, Components and assemblies.doc"
"AdvTechEng, Worksheet 6, U.5, Breaking point.doc";2653184;Roland;Matthée;10;"22.04.2021 17:26";"AdvTechEng, Worksheet 6, U.5, Breaking point.doc"
"On the road again - self-driving cars vs. autonomous cars, p.1_04052020_0001.pdf";971907;Roland;Matthée;18;"22.04.2021 17:23";"On the road again - self-driving cars vs. autonomous cars, p.1_04052020_0001.pdf"
"On the road again - self-driving cars vs. autonomous cars, p.2_04052020_0001.pdf";944196;Roland;Matthée;14;"22.04.2021 17:23";"On the road again - self-driving cars vs. autonomous cars, p.2_04052020_0001.pdf"
"Reader ADVANCED TECHNICAL ENGLISH.pdf";31005509;Roland;Matthée;27;"19.04.2021 11:33";"Reader ADVANCED TECHNICAL ENGLISH.pdf"
"SS21, AdvTechEng 1, Intro.pdf";404817;Roland;Matthée;25;"22.04.2021 17:30";"SS21, AdvTechEng 1, Intro.pdf"
